Model,Accuracy,Precision,Recall,F1 Score,ROC-AUC
Logistic Regression,0.822098976109215,0.6921641791044776,0.5955056179775281,0.640207075064711,0.8672262829925281
Final Pipeline Model,0.822098976109215,0.6921641791044776,0.5955056179775281,0.640207075064711,0.8672262829925281
